{"120105":{"69.1925555114,34.5380834331":[[[69.1925555114,34.5380834331],[70.2155,34.6024]],[[69.1925555114,34.5380834331],[69.64295,34.86315]],[[69.1925555114,34.5380834331],[69.64295,34.86315]],[[69.1925555114,34.5380834331],[70.2115,34.6674]],[[69.1925555114,34.5380834331],[70.218,34.5031]]],"69.2507824219,34.4902359375":[[[69.2507824219,34.4902359375],[69.7101,33.9399]],[[69.2507824219,34.4902359375],[69.9703,34.2481]],[[69.2507824219,34.4902359375],[70.0398,34.5031]]],"69.1699151659,34.5145614552":[[[69.1699151659,34.5145614552],[69.5991,34.96905]],[[69.1699151659,34.5145614552],[70.0398,34.5031]],[[69.1699151659,34.5145614552],[70.2115,34.6674]],[[69.1699151659,34.5145614552],[69.5991,34.96905]],[[69.1699151659,34.5145614552],[70.2155,34.6024]],[[69.1699151659,34.5145614552],[69.771,34.5967]],[[69.1699151659,34.5145614552],[70.0398,34.5031]],[[69.1699151659,34.5145614552],[68.68695,33.99485]],[[69.1699151659,34.5145614552],[70.0398,34.5031]],[[69.1699151659,34.5145614552],[69.771,34.5967]],[[69.1699151659,34.5145614552],[69.771,34.5967]],[[69.1699151659,34.5145614552],[70.218,34.5031]],[[69.1699151659,34.5145614552],[69.64295,34.86315]],[[69.1699151659,34.5145614552],[69.771,34.5967]]],"69.1392126747,34.4826049513":[[[69.1392126747,34.4826049513],[68.6274,34.4712]],[[69.1392126747,34.4826049513],[69.9703,34.2481]],[[69.1392126747,34.4826049513],[68.68695,33.99485]],[[69.1392126747,34.4826049513],[70.2115,34.6674]],[[69.1392126747,34.4826049513],[70.0398,34.5031]]],"69.3469125,34.5268609375":[[[69.3469125,34.5268609375],[70.2115,34.6674]],[[69.3469125,34.5268609375],[70.2115,34.6674]]],"69.322625,34.5214125":[[[69.322625,34.5214125],[70.0398,34.5031]],[[69.322625,34.5214125],[70.2155,34.6024]],[[69.322625,34.5214125],[70.2115,34.6674]],[[69.322625,34.5214125],[68.9128,33.9417]]],"69.2232947266,34.498469043":[[[69.2232947266,34.498469043],[70.0398,34.5031]]],"69.1589272705,34.5772959473":[[[69.1589272705,34.5772959473],[69.6216,35.0347]]],"69.0583796875,34.5260835938":[[[69.0583796875,34.5260835938],[70.2115,34.6674]],[[69.0583796875,34.5260835938],[68.5873,34.118]],[[69.0583796875,34.5260835938],[69.771,34.5967]]],"69.2411476624,34.5756491821":[[[69.2411476624,34.5756491821],[69.771,34.5967]],[[69.2411476624,34.5756491821],[69.771,34.5967]]],"69.771,34.5967":[[[69.771,34.5967],[69.1699151659,34.5145614552]]]},"120106":{"69.2507824219,34.4902359375":[[[69.2507824219,34.4902359375],[69.7101,33.9399]],[[69.2507824219,34.4902359375],[70.1974,34.2513]],[[69.2507824219,34.4902359375],[70.1177,34.7348]]],"69.3469125,34.5268609375":[[[69.3469125,34.5268609375],[68.6913,34.1557]],[[69.3469125,34.5268609375],[70.1177,34.7348]],[[69.3469125,34.5268609375],[70.2115,34.6674]]],"69.2411476624,34.5756491821":[[[69.2411476624,34.5756491821],[69.771,34.5967]],[[69.2411476624,34.5756491821],[70.2115,34.6674]],[[69.2411476624,34.5756491821],[70.0398,34.5031]],[[69.2411476624,34.5756491821],[70.2115,34.6674]],[[69.2411476624,34.5756491821],[70.1974,34.2513]]],"69.1392126747,34.4826049513":[[[69.1392126747,34.4826049513],[68.6274,34.4712]],[[69.1392126747,34.4826049513],[68.68695,33.99485]],[[69.1392126747,34.4826049513],[70.2115,34.6674]],[[69.1392126747,34.4826049513],[69.6216,35.0347]],[[69.1392126747,34.4826049513],[69.771,34.5967]],[[69.1392126747,34.4826049513],[70.2115,34.6674]],[[69.1392126747,34.4826049513],[68.6274,34.4712]]],"69.1699151659,34.5145614552":[[[69.1699151659,34.5145614552],[69.5991,34.96905]],[[69.1699151659,34.5145614552],[70.2115,34.6674]],[[69.1699151659,34.5145614552],[70.0398,34.5031]],[[69.1699151659,34.5145614552],[68.68695,33.99485]],[[69.1699151659,34.5145614552],[69.771,34.5967]],[[69.1699151659,34.5145614552],[69.771,34.5967]],[[69.1699151659,34.5145614552],[69.771,34.5967]],[[69.1699151659,34.5145614552],[70.218,34.5031]],[[69.1699151659,34.5145614552],[70.2115,34.6674]],[[69.1699151659,34.5145614552],[70.0398,34.5031]]],"69.1925555114,34.5380834331":[[[69.1925555114,34.5380834331],[69.64295,34.86315]],[[69.1925555114,34.5380834331],[69.7101,33.9399]],[[69.1925555114,34.5380834331],[69.771,34.5967]],[[69.1925555114,34.5380834331],[70.0398,34.5031]],[[69.1925555114,34.5380834331],[68.7608,34.0805]],[[69.1925555114,34.5380834331],[69.771,34.5967]]],"69.2232947266,34.498469043":[[[69.2232947266,34.498469043],[70.1974,34.2513]],[[69.2232947266,34.498469043],[69.7101,33.9399]]],"69.090625,34.588":[[[69.090625,34.588],[70.1974,34.2513]]],"69.771,34.5967":[[[69.771,34.5967],[69.1699151659,34.5145614552]],[[69.771,34.5967],[69.1589272705,34.5772959473]]],"69.1589272705,34.5772959473":[[[69.1589272705,34.5772959473],[69.6216,35.0347]],[[69.1589272705,34.5772959473],[69.5991,34.96905]]],"69.322625,34.5214125":[[[69.322625,34.5214125],[68.9128,33.9417]]],"69.0583796875,34.5260835938":[[[69.0583796875,34.5260835938],[68.5873,34.118]],[[69.0583796875,34.5260835938],[68.5873,34.118]]],"69.0232,34.4871":[[[69.0232,34.4871],[69.64295,34.86315]]],"69.1058,34.732":[[[69.1058,34.732],[69.64295,34.86315]]]},"120107":{"69.2507824219,34.4902359375":[[[69.2507824219,34.4902359375],[69.7101,33.9399]],[[69.2507824219,34.4902359375],[70.218,34.5031]]],"69.1392126747,34.4826049513":[[[69.1392126747,34.4826049513],[68.6274,34.4712]],[[69.1392126747,34.4826049513],[68.68695,33.99485]],[[69.1392126747,34.4826049513],[70.2115,34.6674]],[[69.1392126747,34.4826049513],[70.2155,34.6024]],[[69.1392126747,34.4826049513],[69.5879,34.5689]],[[69.1392126747,34.4826049513],[68.6274,34.4712]]],"69.1925555114,34.5380834331":[[[69.1925555114,34.5380834331],[69.64295,34.86315]],[[69.1925555114,34.5380834331],[69.771,34.5967]],[[69.1925555114,34.5380834331],[69.64295,34.86315]],[[69.1925555114,34.5380834331],[68.6574,33.8868]]],"69.1699151659,34.5145614552":[[[69.1699151659,34.5145614552],[70.2155,34.6024]],[[69.1699151659,34.5145614552],[70.2115,34.6674]],[[69.1699151659,34.5145614552],[68.68695,33.99485]],[[69.1699151659,34.5145614552],[69.771,34.5967]],[[69.1699151659,34.5145614552],[69.771,34.5967]],[[69.1699151659,34.5145614552],[70.218,34.5031]],[[69.1699151659,34.5145614552],[70.0398,34.5031]]],"69.2411476624,34.5756491821":[[[69.2411476624,34.5756491821],[70.2115,34.6674]],[[69.2411476624,34.5756491821],[70.2115,34.6674]],[[69.2411476624,34.5756491821],[70.0398,34.5031]]],"69.090625,34.588":[[[69.090625,34.588],[70.1974,34.2513]]],"69.2232947266,34.498469043":[[[69.2232947266,34.498469043],[70.0398,34.5031]],[[69.2232947266,34.498469043],[69.7101,33.9399]],[[69.2232947266,34.498469043],[69.7101,33.9399]]],"69.771,34.5967":[[[69.771,34.5967],[69.1699151659,34.5145614552]],[[69.771,34.5967],[69.1589272705,34.5772959473]]],"69.3469125,34.5268609375":[[[69.3469125,34.5268609375],[70.2115,34.6674]],[[69.3469125,34.5268609375],[70.2115,34.6674]]],"69.322625,34.5214125":[[[69.322625,34.5214125],[68.8054,34.0101]]],"69.0583796875,34.5260835938":[[[69.0583796875,34.5260835938],[69.771,34.5967]],[[69.0583796875,34.5260835938],[68.5873,34.118]]],"69.1589272705,34.5772959473":[[[69.1589272705,34.5772959473],[69.6216,35.0347]]]},"120108":{"69.2507824219,34.4902359375":[[[69.2507824219,34.4902359375],[69.7101,33.9399]],[[69.2507824219,34.4902359375],[70.218,34.5031]]],"69.1699151659,34.5145614552":[[[69.1699151659,34.5145614552],[69.7101,33.9399]],[[69.1699151659,34.5145614552],[70.2155,34.6024]],[[69.1699151659,34.5145614552],[70.2115,34.6674]],[[69.1699151659,34.5145614552],[68.68695,33.99485]],[[69.1699151659,34.5145614552],[70.218,34.5031]],[[69.1699151659,34.5145614552],[69.7101,33.9399]],[[69.1699151659,34.5145614552],[68.2585,34.8875]],[[69.1699151659,34.5145614552],[69.5991,34.96905]]],"69.322625,34.5214125":[[[69.322625,34.5214125],[70.2115,34.6674]],[[69.322625,34.5214125],[68.9128,33.9417]]],"69.1925555114,34.5380834331":[[[69.1925555114,34.5380834331],[69.64295,34.86315]],[[69.1925555114,34.5380834331],[70.0398,34.5031]]],